{"cameraMode":{"drawMode":0,"name":"Shaded","section":"Shading Mode"},"sceneLighting":true,"audioPlay":false,"sceneViewState":{"showFog":true,"showMaterialUpdate":false,"showSkybox":true,"showFlares":true,"showImageEffects":true,"showParticleSystems":true},"in2DMode":false,"pivot":{"x":-0.02707018330693245,"y":-0.15256091952323914,"z":0.9879232048988342},"rotation":{"x":-0.005000236444175243,"y":0.9510409832000732,"z":-0.30864417552948,"w":-0.015407415106892586},"size":1.0,"orthographic":false}